<?xml version="1.0" encoding="UTF-8"?>
<addon id="plugin.video.watchhd"
version="1.0.0"
name="WatchHD"
provider-name="WatchHD">
<requires>
  <import addon="xbmc.python" version="3.0.0"/>
  <import addon="script.module.requests" version="2.22.0"/>
</requires>
<extension point="xbmc.python.pluginsource" library="main.py">
  <provides>video</provides>
</extension>
<extension point="xbmc.addon.metadata">
  <summary lang="en"></summary>
  <description lang="en_GB"></description>
  <disclaimer lang="en_GB"></disclaimer>
  <assets>
    <icon>icon.png</icon>
    <fanart>fanart.jpg</fanart>   
  </assets>
  <news>First version</news>
</extension>
</addon>
